
{

    "gpt-4o": {"input": 0.0025, "output": 0.010},
    "gpt-4o-mini": {"input": 0.000150, "output": 0.000600}
}